time,xd,x,yd,y
1.0116088390350342,4.554925889968872,4.934080600738525,3.5,3.2810122966766357
1.11494779586792,4.509459896087646,4.93483304977417,3.5,3.2799174785614014
1.2218618392944336,4.4623966312408445,4.942590713500977,3.5,3.2803101539611816
1.3270900249481201,4.416127071380615,4.94901180267334,3.5,3.283001661300659
1.4317009449005127,4.37018313407898,4.94901180267334,3.5,3.283001661300659
1.5338239669799805,4.325128469467163,4.976395130157471,3.5,3.3099658489227295
1.6389689445495605,4.278883562088012,4.976693153381348,3.5,3.31087327003479
1.7441868782043457,4.23259123802185,4.9808125495910645,3.5,3.3290069103240967
1.8496639728546143,4.186262302398681,4.9808125495910645,3.5,3.3290069103240967
1.9508249759674072,4.141660299301147,4.9808125495910645,3.5,3.3290069103240967
2.0563158988952637,4.095366191864014,4.9808125495910645,3.5,3.3290069103240967
2.1585328578948975,4.050290336608887,4.9808125495910645,3.5,3.3290069103240967
2.266216993331909,4.002890119552612,4.9808125495910645,3.5,3.3290069103240967
2.3714890480041504,3.9565971660614014,4.9808125495910645,3.5,3.3290069103240967
2.47645902633667,3.910471115112305,4.9808125495910645,3.5,3.3290069103240967
2.5813980102539062,3.864208583831787,4.5039544105529785,3.5,3.390260696411133
2.687908887863159,3.817333726882935,4.418994903564453,3.5,3.408693552017212
2.7930288314819336,3.7710834693908692,4.418994903564453,3.5,3.408693552017212
2.898469924926758,3.724788942337036,4.3101887702941895,3.5,3.430995225906372
3.0048940181732178,3.6778712844848633,4.207938194274902,3.5,3.4522125720977783
3.110041856765747,3.6315956401824954,4.128050804138184,3.5,3.469663381576538
3.2151529788970947,3.585348634719849,4.062565803527832,3.5,3.4824745655059814
3.3230979442596436,3.537842254638672,4.023417949676514,3.5,3.4901552200317383
3.428569793701172,3.491594305038452,3.9675984382629395,3.5,3.5015413761138916
3.5341038703918457,3.4450496864318847,3.9675984382629395,3.5,3.5015413761138916
3.635296106338501,3.400484294891357,3.832324981689453,3.5,3.5248074531555176
3.7405030727386475,3.3542028808593747,3.7793235778808594,3.5,3.532278060913086
3.8496909141540527,3.3061505794525146,3.720893621444702,3.5,3.540321111679077
3.955303907394409,3.259845771789551,3.7128653526306152,3.5,3.5414071083068848
4.058274745941162,3.21437442779541,3.621212959289551,3.5,3.54777193069458
4.163413047790527,3.168119449615478,3.570984363555908,3.5,3.5544333457946777
4.268517971038818,3.1218626880645752,3.5495080947875977,3.5,3.554318904876709
4.373615980148315,3.0756212425231935,3.5495080947875977,3.5,3.554318904876709
4.478749990463257,3.029370775222778,3.5495080947875977,3.5,3.554318904876709
4.5842907428741455,2.983075723648071,3.5495080947875977,3.5,3.554318904876709
4.685293912887573,2.938483476638794,3.5495080947875977,3.5,3.554318904876709
4.7893970012664795,2.892675914764404,3.5495080947875977,3.5,3.554318904876709
4.905281066894531,2.8416887092590333,3.5495080947875977,3.5,3.554318904876709
5.0108208656311035,2.7954020500183105,3.5495080947875977,3.5,3.554318904876709
5.147701025009155,2.735027389526367,3.5495080947875977,3.5,3.554318904876709
5.252802848815918,2.688779020309448,3.5495080947875977,3.5,3.554318904876709
5.36870002746582,3.9568,2.8984873294830322,3.532,3.5770106315612793
5.47381591796875,1.7583999999999995,2.823638677597046,3.596,3.5855295658111572
5.579364776611328,-0.7984,2.802945375442505,3.644,3.588343620300293
5.709909915924072,-2.9167999999999985,2.6920456886291504,3.6280000000000006,3.6139018535614014
5.814988136291504,-3.8,2.6190314292907715,3.5,3.6320321559906006
5.920088768005371,-3.832,2.5464556217193604,2.7479999999999998,3.6511056423187256
6.027752876281738,-3.896,2.509495973587036,1.2439999999999998,3.661578893661499
6.130658864974976,-3.944,2.39709210395813,-0.48400000000000043,3.6948373317718506
6.2361900806427,-3.9279999999999995,2.3303582668304443,-1.9080000000000004,3.7148406505584717
6.337793827056885,-3.8,2.2525720596313477,-2.5,3.7421653270721436
6.441142797470093,-2.7567999999999997,2.1699368953704834,-2.532,3.7734134197235107
6.546929836273193,-0.5583999999999998,2.1288976669311523,-2.596,3.789259195327759
6.655112981796265,1.998400000000001,2.1288976669311523,-2.644,3.789259195327759
6.760374069213867,2.0254473686218257,1.9446086883544922,3.5,3.857212781906128
6.865498781204224,1.9792007827758784,1.8716753721237183,3.5,3.8825807571411133
6.971831798553467,1.9324058628082272,1.8342519998550415,3.5,3.8998587131500244
7.0774619579315186,1.8861208820343016,1.806419849395752,3.5,3.913931369781494
7.182842969894409,1.8395662975311278,1.7775547504425049,3.5,3.9314727783203125
7.289098024368286,1.792808828353882,1.7371246814727783,3.5,3.9515929222106934
7.4007790088653564,1.7436668872833248,1.7187764644622803,3.5,3.9576990604400635
7.507594108581543,1.6966701316833492,1.7001086473464966,3.5,3.962169885635376
7.613591909408569,1.6500279521942138,1.6847560405731201,3.5,3.9615254402160645
7.718710899353027,1.6037878704071042,1.6847560405731201,3.5,3.9615254402160645
7.8238279819488525,1.557542963027954,1.6748863458633423,3.5,3.9300522804260254
7.928960084915161,1.51127833366394,1.6855038404464722,3.5,3.898728132247925
8.034982919692993,1.4647799777984614,1.7023460865020752,3.5,3.8688249588012695
8.140239953994751,1.418450202941894,1.7083748579025269,3.5,3.860236644744873
8.243637084960938,1.3728120613098138,1.7383517026901245,3.5,3.8306081295013428
8.348771810531616,1.3265619087219234,1.7514479160308838,3.5,3.817342519760132
8.455094814300537,1.279769716262817,1.7517337799072266,3.5,3.8003973960876465
8.560194730758667,1.2335265922546381,1.7359511852264404,3.5,3.787301778793335
8.665329933166504,1.187276334762573,1.7087805271148682,3.5,3.773608446121216
8.770900964736938,1.1409782409667963,1.7087805271148682,3.5,3.773608446121216
8.8762788772583,1.0944491481781005,1.620624303817749,3.5,3.7296786308288574
8.98136591911316,1.0482113742828365,1.5684595108032227,3.5,3.701355218887329
9.086465835571289,1.0019695091247551,1.5175397396087646,3.5,3.6763625144958496
9.19197392463684,0.955693759918212,1.5003139972686768,3.5,3.6679465770721436
9.294909000396729,0.9102585029602048,1.4270704984664917,3.5,3.631413221359253
9.400089979171753,0.8639722633361808,1.3609308004379272,3.5,3.601167678833008
9.500934839248657,0.8196115398406976,1.31797194480896,3.5,3.5792479515075684
9.606337070465088,0.7733270835876462,1.2684317827224731,3.5,3.5586860179901123
9.71167802810669,0.7269022655487056,1.2217398881912231,3.5,3.5429441928863525
9.817425012588501,0.6805024147033691,1.2217398881912231,3.5,3.5429441928863525
9.920137882232666,0.6351498222351069,1.124437928199768,3.5,3.507037401199341
10.025263786315918,0.5889049148559566,1.0924482345581055,3.5,3.4966483116149902
10.130818843841553,0.5426077651977534,1.0642070770263672,3.5,3.490062713623047
10.23148488998413,0.49817088127136167,1.02199387550354,3.5,3.485753059387207
10.337496757507324,0.45151065826416037,0.940635621547699,3.5,3.480133533477783
10.442809820175171,0.40525463104247983,0.8940721154212952,3.5,3.4775888919830322
10.54852294921875,0.3586680507659903,0.8433526754379272,3.5,3.4748709201812744
10.65707802772522,0.31096140861511223,0.7923301458358765,3.5,3.4721081256866455
10.761255025863647,0.2650689792633054,0.7566507458686829,3.5,3.4698781967163086
10.866382837295532,0.2188068675994863,0.6954731345176697,3.5,3.4646615982055664
10.97433876991272,0.17137622833251953,0.6459476947784424,3.5,3.4623968601226807
11.076067924499512,0.12654291152954045,0.6004535555839539,3.5,3.461456775665283
11.181527137756348,0.08014578819274831,0.5510383248329163,3.5,3.4586498737335205
11.290401697158813,0.032303609848022496,0.5029264092445374,3.5,3.4559166431427
11.39283800125122,-0.012825851440429581,0.46974554657936096,3.5,3.454545259475708
11.499461889266968,-0.059747810363770526,0.4294743537902832,3.5,3.4545390605926514
11.607493877410889,-0.10728188514709469,0.36161598563194275,3.5,3.4548733234405518
11.71659803390503,-0.1552177429199224,0.31193456053733826,3.5,3.4551804065704346
11.82401990890503,-0.20254893302917498,0.26060447096824646,3.5,3.455705404281616
11.931047916412354,-0.24958765029907326,0.23371057212352753,3.5,3.4557859897613525
12.03493881225586,-0.29528862953186064,0.1707940548658371,3.5,3.4565587043762207
12.140365839004517,-0.3417015933990486,0.10811065882444382,3.5,3.456437110900879
12.24971079826355,-0.38979543685913143,0.057651225477457047,3.5,3.4553587436676025
12.352512121200562,-0.4350811004638677,0.01100725494325161,3.5,3.456273078918457
12.457973957061768,-0.4814927005767826,-0.036857493221759796,3.5,3.4556381702423096
12.566128969192505,-0.5290083122253426,-0.0880555734038353,3.5,3.457167148590088
12.668855905532837,-0.5742397403717039,-0.1329813301563263,3.5,3.458265781402588
12.76951289176941,-0.6184765720367444,-0.15927377343177795,3.5,3.458163022994995
12.872477054595947,-0.6638722801208505,-0.2230866551399231,3.5,3.459712505340576
12.977802991867065,-0.7101440429687509,-0.2599271237850189,3.5,3.4600372314453125
13.081913948059082,-0.7560240936279303,-0.3008318245410919,3.5,3.460542678833008
13.190181970596313,-0.8036629676818849,-0.36770910024642944,3.5,3.460076332092285
13.295500755310059,-0.8499380874633795,-0.41308778524398804,3.5,3.4605674743652344
13.398444890975952,-0.8952449417114261,-0.43125054240226746,3.5,3.4606995582580566
13.507800817489624,-0.943357982635499,-0.5094385743141174,3.5,3.460115671157837
13.610388994216919,-0.9884871292114257,-0.5525255799293518,3.5,3.460340738296509
13.711381912231445,-1.0329406929016116,-0.5739517211914062,3.5,3.4604640007019043
13.824230909347534,-1.0825925731658943,-0.6466580033302307,3.5,3.4606053829193115
13.933174848556519,-1.130529689788819,-0.6948899626731873,3.5,3.459815263748169
14.04222583770752,-1.1784983825683604,-0.7419589757919312,3.5,3.459778070449829
14.149903774261475,-1.2259405612945562,-0.7881412506103516,3.5,3.459099292755127
14.257722854614258,-1.2733232593536377,-0.8054362535476685,3.5,3.4587481021881104
14.361230850219727,-1.3189235305786138,-0.8762026429176331,3.5,3.4586055278778076
14.467673778533936,-1.3656801605224622,-0.8762026429176331,3.5,3.4586055278778076
14.573889017105103,-1.4124899768829353,-0.8762026429176331,3.5,3.4586055278778076
14.683979034423828,-1.4609265422821043,-1.0235629081726074,3.5,3.45872163772583
14.790741920471191,-1.5079110240936284,-1.0777580738067627,3.5,3.4590721130371094
14.901068925857544,-1.5564461994171142,-1.1306922435760498,3.5,3.4595887660980225
15.006162881851196,-1.602698030471803,-1.1572074890136719,3.5,3.45927357673645
15.111285924911499,-1.648945980072022,-1.2240872383117676,3.5,3.460158586502075
15.21643590927124,-1.6952191066741955,-1.272627830505371,3.5,3.4610068798065186
15.324108123779297,-1.74254641532898,-1.3209556341171265,3.5,3.4607326984405518
15.427568912506104,-1.7880480766296394,-1.3355294466018677,3.5,3.4608583450317383
15.534440040588379,-1.8350981235504156,-1.3355294466018677,3.5,3.4608583450317383
15.64083194732666,-1.881935634613038,-1.4594080448150635,3.5,3.46136474609375
15.751286029815674,-1.930544242858887,-1.5092438459396362,3.5,3.46175217628479
15.857481956481934,-1.9772097110748295,-1.5391899347305298,3.5,3.461639881134033
15.962514877319336,-2.023483676910401,-1.602829933166504,3.5,3.461299180984497
16.06782603263855,-2.0697580623626717,-1.6512362957000732,3.5,3.4620213508605957
16.177193880081177,-2.1179392910003667,-1.6956714391708374,3.5,3.461972713470459
16.285167932510376,-2.1654616165161134,-1.7450323104858398,3.5,3.4624266624450684
16.391011953353882,-2.2119695186614994,-1.7892409563064575,3.5,3.4624080657958984
16.497364044189453,-2.258823814392091,-1.820305347442627,3.5,3.4631423950195312
16.60263681411743,-2.3050827789306645,-1.8770209550857544,3.5,3.463674783706665
16.705766916275024,-2.350522022247315,-1.9228185415267944,3.5,3.46382474899292
16.81088376045227,-2.396772699356079,-1.9667702913284302,3.5,3.463627338409424
16.91619110107422,-2.443039112091065,-2.013394832611084,3.5,3.4631354808807373
17.0203218460083,-2.4888355541229252,-2.0450332164764404,3.5,3.4628450870513916
17.12805199623108,-2.536286544799805,-2.1020820140838623,3.5,3.462040901184082
17.234744787216187,-2.5832631587982187,-2.148256540298462,3.5,3.4620914459228516
17.34184503555298,-2.630338697433472,-2.1951935291290283,3.5,3.462581157684326
17.448943853378296,-2.677488193511963,-2.2428641319274902,3.5,3.462648868560791
17.555851936340332,-2.724561634063722,-2.291149377822876,3.5,3.462716817855835
17.661056995391846,-2.770819654464723,-2.3342862129211426,3.5,3.462693929672241
17.76221799850464,-2.815286645889283,-2.3758957386016846,3.5,3.46268630027771
17.867833852767944,-2.8618280124664315,-2.4229586124420166,3.5,3.4629461765289307
17.976701021194458,-2.90972285270691,-2.471804141998291,3.5,3.463761568069458
18.081801891326904,-2.955980453491211,-2.520979166030884,3.5,3.4626216888427734
18.187153816223145,-3.0022425651550293,-2.564523696899414,3.5,3.462010622024536
18.298682928085327,-3.0513583850860613,-2.6153910160064697,3.5,3.4617671966552734
18.403523921966553,-3.097451915740967,-2.6580193042755127,3.5,3.461704730987549
18.511897802352905,-3.145152788162232,-2.705071449279785,3.5,3.461688995361328
18.614131927490234,-3.190198221206666,-2.7519726753234863,3.5,3.460946559906006
18.719264030456543,-3.2364598083496094,-2.794434070587158,3.5,3.4608659744262695
18.824383020401,-3.282713947296143,-2.840765953063965,3.5,3.4606707096099854
18.9320011138916,-3.329996356964111,-2.8879506587982178,3.5,3.4615983963012695
19.037035942077637,-3.3762197589874265,-2.9329004287719727,3.5,3.4609436988830566
19.139638900756836,-3.421423492431641,-2.9792914390563965,3.5,3.460538864135742
19.24482798576355,-3.4676843452453614,-3.0222110748291016,3.5,3.460984230041504
19.350231885910034,-3.5140356254577654,-3.068634510040283,3.5,3.462441921234131
19.455671787261963,-3.5604758644104013,-3.1170694828033447,3.5,3.4625093936920166
19.560810089111328,-3.606741437911987,-3.161104440689087,3.5,3.461160182952881
19.665921688079834,-3.65299379348755,-3.2090694904327393,3.5,3.461301565170288
19.77405285835266,-3.7005678367614756,-3.257389545440674,3.5,3.4614551067352295
19.883071899414062,-3.748473272323608,-3.3056204319000244,3.5,3.462508201599121
19.985005855560303,-3.7933783435821535,-3.339414596557617,3.5,3.462287425994873
20.085859775543213,-3.8,-3.3950531482696533,3.4743098735809324,3.461880683898926
20.191349029541016,-3.8,-3.440277099609375,3.442610025405884,3.462104082107544
20.299458742141724,-3.8,-3.485135078430176,3.4102115154266355,3.4617555141448975
20.40523886680603,4.1168,-3.526146411895752,-2.628,3.4617695808410645
20.50930905342102,5.0,-3.570242166519165,-2.5,3.4592015743255615
20.614675998687744,5.0,-3.620917558670044,-1.7479999999999998,3.4554877281188965
20.71996808052063,5.0,-3.718956708908081,-0.24399999999999977,3.45143723487854
20.825622081756592,5.0,-3.796841859817505,1.4840000000000004,3.446869134902954
20.933932065963745,5.0,-3.8759584426879883,2.9080000000000013,3.4432480335235596
21.03714895248413,5.0,-3.925964117050171,3.5,3.441790819168091
21.14896273612976,-3.8,-4.035720348358154,3.1553657531738284,3.4357030391693115
21.25653576850891,-3.8,-4.1130452156066895,3.123053646087647,3.435292959213257
21.361886978149414,-3.8,-4.161713600158691,3.0914993524551386,3.4331727027893066
21.473294973373413,-3.8,-4.20327091217041,3.0580603599548337,3.439113140106201
21.576355934143066,-3.8,-4.235109329223633,3.0271118164062503,3.446420192718506
21.683009147644043,-3.8,-4.2618889808654785,2.9951458930969244,3.4485459327697754
21.7911319732666,-3.8,-4.274367332458496,2.962678360939026,3.448096752166748
21.897674083709717,-3.8,-4.299246788024902,2.930706214904785,3.4485604763031006
22.00279402732849,-3.8,-4.299246788024902,2.8991717338562006,3.4485604763031006
22.107996940612793,-3.8,-4.355372428894043,2.8676174402236936,3.4348719120025635
22.21664595603943,-3.8,-4.355372428894043,2.835019731521606,3.4348719120025635
22.324745893478394,-3.8,-4.3544087409973145,2.8026314496994016,3.416965961456299
22.43132495880127,-3.8,-4.3544087409973145,2.770647859573365,3.416965961456299
22.53355383872986,-3.8,-4.262169361114502,2.739988136291504,3.3374969959259033
22.63687300682068,-3.8,-4.262169361114502,2.7089969635009763,3.3374969959259033
22.748973846435547,-3.8,-4.262169361114502,2.6753588438034055,3.3374969959259033
22.855390071868896,-3.8,-4.123843669891357,2.6433947801589963,3.2021923065185547
22.960659980773926,-3.8,-4.060247421264648,2.6118104457855225,3.144533634185791
23.0659339427948,-3.8,-4.014541149139404,2.5802732467651373,3.101928949356079
23.168410778045654,-3.8,-3.971190929412842,2.5495429992675787,3.0645852088928223
23.2727689743042,-3.8,-3.940622568130493,2.5181861162185664,3.0374367237091064
23.377940893173218,-3.8,-3.925896167755127,2.4866327524185183,3.0216197967529297
23.483223915100098,-3.8,-3.899613380432129,2.455085325241089,2.980309247970581
23.589996814727783,-3.8,-3.8857085704803467,2.4230129718780518,2.946924924850464
23.69510293006897,-3.8,-3.8731136322021484,2.3914789915084844,2.9119269847869873
23.80284595489502,-3.8,-3.863586664199829,2.3591576576232915,2.869107961654663
23.90818691253662,-3.8,-3.8542473316192627,2.3276000022888184,2.8219356536865234
24.01682996749878,-3.8,-3.8428850173950195,2.2949618101119995,2.7724761962890625
24.12592887878418,-3.8,-3.8337042331695557,2.262233066558838,2.725599765777588
24.23112201690674,-3.8,-3.82273268699646,2.230672693252564,2.676095962524414
24.33642888069153,-3.8,-3.8170089721679688,2.1991274118423467,2.6455655097961426
24.44154191017151,-3.8,-3.8030126094818115,2.1675956487655634,2.5804827213287354
24.545450925827026,-3.8,-3.793026924133301,2.1364295244216924,2.5418410301208496
24.656189918518066,-3.8,-3.786156177520752,2.1031546831130976,2.5150060653686523
24.76148295402527,-3.8,-3.775057554244995,2.0716099739074707,2.470964193344116
24.86682391166687,-3.8,-3.775057554244995,2.039970779418945,2.470964193344116
24.972203969955444,-3.8,-3.775057554244995,2.0084048271179205,2.470964193344116
25.08265709877014,-3.8,-3.775057554244995,1.9752130985260012,2.470964193344116
25.191248893737793,-3.8,-3.7675347328186035,1.9426432847976685,2.306299924850464
25.297409772872925,-3.8,-3.7675347328186035,1.910786366462708,2.306299924850464
25.4025239944458,-3.8,-3.770184278488159,1.879252743721008,2.2545652389526367
25.507802963256836,-3.8,-3.770184278488159,1.8477110385894773,2.2545652389526367
25.60895085334778,-3.8,-3.770184278488159,1.817334771156311,2.2545652389526367
25.716639041900635,-3.8,-3.770184278488159,1.785075163841248,2.2545652389526367
25.818902015686035,-3.8,-3.770184278488159,1.7543825387954715,2.2545652389526367
25.924100875854492,-3.8,-3.770184278488159,1.7228195190429685,2.2545652389526367
26.025152921676636,-3.8,-3.770184278488159,1.6924768686294556,2.2545652389526367
26.13216495513916,-3.8,-3.770184278488159,1.660391926765442,2.2545652389526367
26.240465879440308,-3.8,-3.770184278488159,1.6279127359390264,2.2545652389526367
26.344097137451172,-3.8,-3.770184278488159,1.5968153476715088,2.2545652389526367
26.44802689552307,-3.8,-3.770184278488159,1.5656447172164922,2.2545652389526367
26.550572872161865,-3.8,-3.770184278488159,1.5348440885543826,2.2545652389526367
26.656229972839355,-3.8,-3.770184278488159,1.5031415224075317,2.2545652389526367
26.760030031204224,-3.8,-3.770184278488159,1.4720468521118164,2.2545652389526367
26.865057706832886,3.9568,-3.77028751373291,3.532,1.504753828048706
26.970443964004517,1.7583999999999995,-3.77028751373291,3.596,1.504753828048706
27.081265926361084,-0.7984,-3.7612674236297607,3.644,1.2983320951461792
27.186599016189575,-2.9167999999999985,-3.758228302001953,3.6280000000000006,1.2372983694076538
27.29354977607727,-3.8,-3.7604386806488037,3.5,1.1765645742416382
27.398880004882812,-3.832,-3.7720682621002197,2.7479999999999998,1.1245732307434082
27.50858497619629,-3.896,-3.7782814502716064,1.2439999999999998,1.0859769582748413
27.610402822494507,-3.944,-3.7742409706115723,-0.48400000000000043,1.055527687072754
27.715866804122925,-3.9279999999999995,-3.7587037086486816,-1.9080000000000004,1.033945918083191
27.82352375984192,-3.8,-3.745079517364502,-2.5,1.0340096950531006
27.92845606803894,-2.7567999999999997,-3.7218477725982666,-2.532,1.0237839221954346
28.040055751800537,-0.5583999999999998,-3.6638565063476562,-2.596,0.998742938041687
28.145226001739502,1.998400000000001,-3.6026341915130615,-2.644,0.9808030128479004
28.256610870361328,4.1168,-3.535412311553955,-2.628,0.9544323086738586
28.361963987350464,-3.8,-3.469351291656494,0.9914807558059695,0.9284188747406006
28.468821048736572,-3.8,-3.3971056938171387,0.9593674898147588,0.9005413055419922
28.57486891746521,-3.8,-3.392205238342285,0.9275924682617185,0.8990347385406494
28.68214511871338,-3.8,-3.316317319869995,0.8953711986541748,0.8679853677749634
28.79075574874878,-3.8,-3.2709412574768066,0.8628236293792719,0.8531221747398376
28.89898180961609,-3.8,-3.2462339401245117,0.8303528070449824,0.8459014296531677
29.003196001052856,-3.8,-3.237746000289917,0.7990592241287229,0.8426756858825684
29.11513090133667,-3.8,-3.237746000289917,0.7655093669891357,0.8426756858825684
29.218755960464478,-3.8,-3.202070474624634,0.734414625167847,0.8100633025169373
29.324556827545166,-3.8,-3.192190647125244,0.7026790857315066,0.7908710837364197
29.432377815246582,-3.8,-3.1883161067962646,0.6703297853469854,0.7769042253494263
29.53617000579834,-3.8,-3.1971020698547363,0.6391628026962275,0.7665280103683472
29.642279863357544,-3.8,-3.2265686988830566,0.6073256254196164,0.7648854851722717
29.747426748275757,-3.8,-3.264362335205078,0.575787210464477,0.7630034685134888
29.852833032608032,-3.8,-3.307924747467041,0.5442323446273809,0.7598276734352112
29.95716881752014,-3.8,-3.3744871616363525,0.5128628730773923,0.7530824542045593
30.0656578540802,-3.8,-3.42848539352417,0.4803554296493533,0.7456548810005188
30.167961835861206,-3.8,-3.4678256511688232,0.44962310791015625,0.738620936870575
30.27511978149414,-3.8,-3.5026140213012695,0.41747508049011284,0.733411431312561
30.38023090362549,-3.8,-3.533435821533203,0.3859390974044805,0.7355121374130249
30.4853458404541,-3.8,-3.5562093257904053,0.35440826416015625,0.7348093390464783
30.59139895439148,-3.8,-3.576378345489502,0.3225923299789426,0.704122006893158
30.696741819381714,-3.8,-3.5843944549560547,0.2910436868667605,0.690520167350769
30.802042961120605,-3.8,-3.597712755203247,0.25939762592315674,0.6790916919708252
30.907320737838745,-3.8,-3.613969326019287,0.22785592079162598,0.6658832430839539
31.00841975212097,-3.8,-3.6293113231658936,0.19748694896697971,0.6458467841148376
31.114694833755493,-3.8,-3.6502835750579834,0.16565334796905518,0.6215978264808655
31.216749906539917,-3.8,-3.6728498935699463,0.13498797416686958,0.6037853956222534
31.325262784957886,-3.8,-3.696317195892334,0.1024346828460696,0.5767142176628113
31.431255102157593,-3.8,-3.7154088020324707,0.07063312530517551,0.5535319447517395
31.536563873291016,-3.8,-3.7326202392578125,0.039087772369384766,0.5324281454086304
31.641951084136963,-3.8,-3.746103525161743,0.007465672492980691,0.5164607167243958
31.743350744247437,-3.8,-3.7639451026916504,-0.02295787334442112,0.4910854399204254
31.84893488883972,-3.8,-3.7813642024993896,-0.054634547233582076,0.4510118067264557
31.95779800415039,-3.8,-3.786233901977539,-0.08729827404022217,0.41445469856262207
32.058634996414185,-3.8,-3.784933567047119,-0.11754250526428223,0.3740455210208893
32.16539978981018,-3.8,-3.7846314907073975,-0.1496085643768308,0.3263895511627197
32.27294707298279,-3.8,-3.785421133041382,-0.18187446594238255,0.28325220942497253
32.378060817718506,-3.8,-3.788215160369873,-0.21340923309326199,0.23023846745491028
32.483498096466064,-3.8,-3.788215160369873,-0.24495308399200466,0.23023846745491028
32.58540987968445,-3.8,-3.788215160369873,-0.2755758285522458,0.23023846745491028
32.69184684753418,-3.8,-3.796987533569336,-0.30750184059143093,0.06817173957824707
32.79336094856262,-3.8,-3.803211212158203,-0.3379717350006106,0.01680847257375717
32.89851403236389,-3.8,-3.8077733516693115,-0.3694995641708374,-0.02284979075193405
32.99961304664612,-3.8,-3.812941551208496,-0.3998691797256475,-0.0786248967051506
33.104769706726074,-3.8,-3.813718318939209,-0.4314181089401248,-0.0850747749209404
33.20988488197327,-3.8,-3.819025993347168,-0.4629552364349365,-0.1403893232345581
33.31510305404663,-3.8,-3.8232948780059814,-0.49452247619628853,-0.19272150099277496
33.42040395736694,-3.8,-3.8275949954986572,-0.526064467430114,-0.22454997897148132
33.52506875991821,-3.8,-3.828807830810547,-0.5575089693069453,-0.2540612518787384
33.6310510635376,-3.8,-3.8309104442596436,-0.5893086671829231,-0.28132694959640503
33.74001479148865,-3.8,-3.8364832401275635,-0.6219948530197144,-0.321087509393692
33.84511590003967,-3.8,-3.8400745391845703,-0.6535275459289558,-0.3309931457042694
33.95060682296753,-3.8,-3.8400745391845703,-0.685082125663758,-0.3309931457042694
34.05505394935608,-3.8,-3.8351283073425293,-0.716460108757019,-0.39101144671440125
34.16698694229126,-3.8,-3.829537868499756,-0.7500864982604973,-0.4218195080757141
34.27595400810242,-3.8,-3.825411796569824,-0.7827744722366328,-0.4545128047466278
34.3819580078125,-3.8,-3.821000099182129,-0.8145768165588372,-0.4935126304626465
34.48734498023987,-3.8,-3.8188962936401367,-0.8461243152618403,-0.511444628238678
34.59344792366028,-3.8,-3.8176913261413574,-0.8780019760131843,-0.5266938209533691
34.69874095916748,-3.8,-3.8121285438537598,-0.909609699249267,-0.5827723741531372
34.807578802108765,-3.8,-3.8094701766967773,-0.9422230005264289,-0.6247330904006958
34.912420988082886,-3.8,-3.808074951171875,-0.9736776590347285,-0.6514321565628052
35.02306890487671,-3.8,-3.8063406944274902,-1.006908726692199,-0.688991904258728
35.12843084335327,-3.8,-3.8006222248077393,-1.038474678993225,-0.7187396287918091
35.23552179336548,-3.8,-3.802762746810913,-1.0706067562103279,-0.7480506300926208
35.341508865356445,-3.8,-3.8009259700775146,-1.1024334907531745,-0.784459114074707
35.44837403297424,-3.8,-3.7994751930236816,-1.1344605684280396,-0.8193252086639404
35.557448863983154,-3.8,-3.799004316329956,-1.1672007560729973,-0.8534518480300903
35.65918803215027,-3.8,-3.7985517978668213,-1.1977026939392097,-0.8793222308158875
35.766002893447876,-3.8,-3.7983813285827637,-1.2297796249389643,-0.9088764190673828
35.87465786933899,-3.8,-3.7969720363616943,-1.262371611595153,-0.9395143389701843
35.97845792770386,-3.8,-3.7968201637268066,-1.2935013294219964,-0.9673967361450195
36.083473920822144,-3.8,-3.7964744567871094,-1.3250022649765008,-0.9930003881454468
36.18478083610535,-3.8,-3.7955429553985596,-1.3554193019866938,-1.0298856496810913
36.290380001068115,-3.8,-3.795386791229248,-1.3870950460433953,-1.0574047565460205
36.3979218006134,-3.8,-3.79465913772583,-1.419349575042724,-1.0924100875854492
36.50318694114685,-3.8,-3.793870210647583,-1.4509216070175164,-1.1200084686279297
36.60892701148987,-3.8,-3.7928273677825928,-1.4826222419738775,-1.1485329866409302
36.716059923172,-3.8,-3.792306661605835,-1.5147717714309685,-1.191931962966919
36.819820165634155,-3.8,-3.792228937149048,-1.5458773136138921,-1.2014800310134888
36.92427086830139,-3.8,-3.791870594024658,-1.5772560834884644,-1.245521068572998
37.031420946121216,-3.8,-3.7872121334075928,-1.6094134092330927,-1.2669920921325684
37.136685848236084,-3.8,-3.790102005004883,-1.6409613370895393,-1.2938965559005737
37.24579095840454,-3.8,-3.7885398864746094,-1.6736568927764885,-1.3312572240829468
37.35718584060669,-3.8,-3.7885398864746094,-1.7071338653564458,-1.3312572240829468
37.4625289440155,-3.8,-3.7885398864746094,-1.7387001752853388,-1.3312572240829468
37.56689095497131,-3.8,-3.7885398864746094,-1.7700084924697883,-1.3312572240829468
37.674630880355835,-3.8,-3.7885398864746094,-1.8023322582244878,-1.3312572240829468
37.77815103530884,-3.8,-3.7885398864746094,-1.8334260702133172,-1.3312572240829468
37.88349795341492,-3.8,-3.7885398864746094,-1.8649842977523798,-1.3312572240829468
37.992408752441406,-3.8,-3.7885398864746094,-1.897707390785218,-1.3312572240829468
38.09852695465088,-3.8,-3.7885398864746094,-1.9295035123825066,-1.3312572240829468
38.20398187637329,-3.8,-3.7885398864746094,-1.9611768960952753,-1.3312572240829468
38.30942487716675,-3.8,-3.7885398864746094,-1.9927294015884405,-1.3312572240829468
38.41465187072754,-3.8,-3.7885398864746094,-2.024381470680236,-1.3312572240829468
38.51998496055603,-3.8,-3.7885398864746094,-2.055933332443238,-1.3312572240829468
38.625420808792114,-3.8,-3.7885398864746094,-2.0875851869583135,-1.3312572240829468
38.73104786872864,5.0,-3.7607080936431885,-2.5,-1.9929600954055786
38.8364098072052,5.0,-3.752427101135254,-1.7479999999999998,-2.087007761001587
38.93850302696228,5.0,-3.746532440185547,-0.24399999999999977,-2.146209716796875
39.04363703727722,5.0,-3.746532440185547,1.4840000000000004,-2.146209716796875
39.14983510971069,5.0,-3.746532440185547,2.9080000000000013,-2.146209716796875
39.252119064331055,5.0,-3.746532440185547,3.5,-2.146209716796875
39.35763192176819,3.9568,-3.746532440185547,3.532,-2.146209716796875
39.467564821243286,1.7583999999999995,-3.688998222351074,3.596,-2.5822160243988037
39.57539677619934,-3.8,-3.6777503490448,-2.3725630283355708,-2.650735378265381
39.676939964294434,-3.8,-3.6667559146881104,-2.403066110610961,-2.724482774734497
39.78249979019165,-3.8,-3.6588144302368164,-2.4346977949142463,-2.760586738586426
39.89158582687378,-3.8,-3.6350884437561035,-2.4674220323562617,-2.837362766265869
39.99914288520813,-3.8,-3.6258625984191895,-2.499694585800171,-2.867570161819458
40.10153293609619,-3.7553443908691406,-3.6211442947387695,-2.5,-2.8905677795410156
40.207621812820435,-3.7087193107604994,-3.622119188308716,-2.5,-2.9086058139801025
40.315361738204956,-3.661261920928956,-3.6280391216278076,-2.5,-2.9243404865264893
40.42048788070679,-3.615000333786009,-3.6318976879119873,-2.5,-2.9364640712738037
40.52578783035278,-3.5687351799011244,-3.6318976879119873,-2.5,-2.9364640712738037
40.62704110145569,-3.5241644382476807,-3.6318976879119873,-2.5,-2.9364640712738037
40.73205780982971,-3.477913026809693,-3.6318976879119873,-2.5,-2.9364640712738037
40.83743906021118,-3.4316281509399404,-3.662879705429077,-2.5,-2.94927978515625
40.94169092178345,-3.3856758213043228,-3.6703379154205322,-2.5,-2.93942928314209
41.04940485954285,-3.338339281082153,-3.677921772003174,-2.5,-2.9301726818084717
41.15634107589722,-3.29122838973999,-3.6881093978881836,-2.5,-2.918342113494873
41.26146101951599,-3.24497215270996,-3.689119338989258,-2.5,-2.9044182300567627
41.36681294441223,-3.1987079429626473,-3.676030397415161,-2.5,-2.883495569229126
41.473307847976685,-3.1517625904083264,-3.6474575996398926,-2.5,-2.860879898071289
41.578704833984375,-3.105489463806151,-3.612370014190674,-2.5,-2.8331849575042725
41.689475774765015,-3.056650800704955,-3.594409942626953,-2.5,-2.816180467605591
41.79464101791382,-3.010378723144532,-3.594409942626953,-2.5,-2.816180467605591
41.899961948394775,-2.9641017150878897,-3.594409942626953,-2.5,-2.816180467605591
42.0077850818634,-2.9166410732269292,-3.594409942626953,-2.5,-2.816180467605591
42.116008043289185,-2.8689824771881094,-3.594409942626953,-2.5,-2.816180467605591
42.2247359752655,-2.8211971569061287,-3.594409942626953,-2.5,-2.816180467605591
42.32710576057434,-2.776156549453736,-3.594409942626953,-2.5,-2.816180467605591
42.432223081588745,-2.7298883533477794,-3.594409942626953,-2.5,-2.816180467605591
42.53334879875183,-2.6853507614135754,-3.594409942626953,-2.5,-2.816180467605591
42.64193391799927,-2.6375643920898426,-3.594409942626953,-2.5,-2.816180467605591
42.75055193901062,-2.5898420143127447,-3.1564948558807373,-2.5,-2.4809212684631348
42.85721397399902,-2.5428914165496836,-3.1564948558807373,-2.5,-2.4809212684631348
42.958725929260254,-2.4981799983978252,-3.1564948558807373,-2.5,-2.4809212684631348
43.06617188453674,-2.4509613704681383,-3.1564948558807373,-2.5,-2.4809212684631348
43.16821789741516,-2.40600122451782,-3.1564948558807373,-2.5,-2.4809212684631348
43.273860931396484,-2.359519653320313,-3.1564948558807373,-2.5,-2.4809212684631348
43.38250184059143,-2.3117770290374766,-3.1564948558807373,-2.5,-2.4809212684631348
43.48393702507019,-2.267090997695924,-3.1564948558807373,-2.5,-2.4809212684631348
43.59095788002014,-2.219996156692503,-2.877523183822632,-2.5,-2.4281373023986816
43.69901490211487,-2.172514848709107,-2.8594887256622314,-2.5,-2.443692922592163
43.80751395225525,-2.12475323677063,-2.848712205886841,-2.5,-2.4584038257598877
43.91011309623718,-2.079564819335939,-2.848712205886841,-2.5,-2.4584038257598877
44.01647996902466,-2.0327676963806143,-2.848712205886841,-2.5,-2.4584038257598877
44.12270188331604,-1.9860230255126958,-2.848712205886841,-2.5,-2.4584038257598877
44.22793889045715,-1.939719161987306,-2.848712205886841,-2.5,-2.4584038257598877
44.334030866622925,-1.8931118106842053,-2.848712205886841,-2.5,-2.4584038257598877
44.441641092300415,-1.8457365608215344,-2.848712205886841,-2.5,-2.4584038257598877
44.54907298088074,-1.798467683792114,-2.7053370475769043,-2.5,-2.555493116378784
44.64949989318848,-1.7542385101318354,-2.7039549350738525,-2.5,-2.555065155029297
44.75841212272644,-1.7064000034332256,-2.7039549350738525,-2.5,-2.555065155029297
44.86223483085632,-1.6606355571746807,-2.7039549350738525,-2.5,-2.555065155029297
44.96754193305969,-1.6143647384643542,-2.7039549350738525,-2.5,-2.555065155029297
45.069177865982056,-1.5696149253845197,-2.7039549350738525,-2.5,-2.555065155029297
45.17535901069641,-1.5229133701324473,-2.7039549350738525,-2.5,-2.555065155029297
45.27636098861694,-1.4784842491149899,-2.7039549350738525,-2.5,-2.555065155029297
45.38201713562012,-1.431929244995115,-2.7039549350738525,-2.5,-2.555065155029297
45.49020791053772,-1.3843220520019535,-2.7039549350738525,-2.5,-2.555065155029297
45.597699880599976,-1.3370243263244617,-2.5462124347686768,-2.5,-2.4959022998809814
45.70281195640564,-1.290777740478517,-2.5272834300994873,-2.5,-2.5123648643493652
45.80812907218933,-1.2445113277435316,-2.5272834300994873,-2.5,-2.5123648643493652
45.91020178794861,-1.1995942974090559,-2.5272834300994873,-2.5,-2.5123648643493652
46.012341022491455,-1.1546461105346677,-2.5272834300994873,-2.5,-2.5123648643493652
46.12562799453735,-1.1048015213012707,-2.5272834300994873,-2.5,-2.5123648643493652
46.23256993293762,-1.0577334308624247,-2.5272834300994873,-2.5,-2.5123648643493652
46.33319616317749,-1.0134646034240733,-2.5272834300994873,-2.5,-2.5123648643493652
46.44067192077637,-0.9661645698547368,-2.5272834300994873,-2.5,-2.5123648643493652
46.54919672012329,-0.9184395694732648,-2.5272834300994873,-2.5,-2.5123648643493652
46.65346002578735,-0.8724974155426022,-2.5272834300994873,-2.5,-2.5123648643493652
46.75873589515686,-0.8262235546112042,-2.5272834300994873,-2.5,-2.5123648643493652
46.85938286781311,-0.7818916797637936,-2.24444317817688,-2.5,-2.5794432163238525
46.96584892272949,-0.7350449371337895,-2.2216029167175293,-2.5,-2.5615487098693848
47.07394003868103,-0.6874813842773442,-2.1972908973693848,-2.5,-2.499786376953125
47.18189811706543,-0.6400453948974589,-2.1968376636505127,-2.5,-2.4975898265838623
47.283042907714844,-0.5955368614196788,-2.1968376636505127,-2.5,-2.4975898265838623
47.39225196838379,-0.547432422637939,-2.165259599685669,-2.5,-2.4469752311706543
47.50005292892456,-0.5000615787506093,-2.165259599685669,-2.5,-2.4469752311706543
47.607808113098145,-0.45261824607849155,-2.165259599685669,-2.5,-2.4469752311706543
47.70971393585205,-0.40774527549743755,-2.0242919921875,-2.5,-2.4035542011260986
47.81482696533203,-0.36148851394653336,-1.9628880023956299,-2.5,-2.389698028564453
47.920137882232666,-0.3152286052703852,-1.8864612579345703,-2.5,-2.3707661628723145
48.02510690689087,-0.26897226333618285,-1.8214967250823975,-2.5,-2.3552660942077637
48.131993770599365,-0.22193931579589643,-1.7759555578231812,-2.5,-2.3442330360412598
48.237133741378784,-0.1756826591491687,-1.6637779474258423,-2.5,-2.3153460025787354
48.34467101097107,-0.12836195945739615,-1.5938507318496704,-2.5,-2.298255205154419
48.44996881484985,-0.08209722518920914,-1.5938507318496704,-2.5,-2.298255205154419
48.551918745040894,-0.0372224712371807,-1.4849920272827148,-2.5,-2.2713472843170166
48.657691955566406,0.00936599731445531,-1.4849920272827148,-2.5,-2.2713472843170166
48.76503300666809,0.056600465774534925,-1.3322858810424805,-2.5,-2.2319724559783936
48.8703818321228,0.10287432670593333,-1.3322858810424805,-2.5,-2.2319724559783936
48.9744668006897,0.14874734878540075,-1.3322858810424805,-2.5,-2.2319724559783936
49.0829861164093,0.19650025367736879,-1.092169165611267,-2.5,-2.1691336631774902
49.18898582458496,0.2431387615203855,-1.0511683225631714,-2.5,-2.1571567058563232
49.294097900390625,0.2893911170959482,-0.9817186594009399,-2.5,-2.138808488845825
49.39976406097412,0.33581383705139256,-0.9142298102378845,-2.5,-2.119508743286133
49.500972747802734,0.38035898208618235,-0.8490727543830872,-2.5,-2.0998482704162598
49.60846996307373,0.42770349502563487,-0.7991215586662292,-2.5,-2.085205554962158
49.7158899307251,0.4749185562133791,-0.7371760606765747,-2.5,-2.066640615463257
49.81941795349121,0.5204897689819346,-0.7024314403533936,-2.5,-2.0576329231262207
49.92424392700195,0.5666105747222909,-0.7024314403533936,-2.5,-2.0576329231262207
50.031851053237915,0.6139942169189458,-0.7024314403533936,-2.5,-2.0576329231262207
50.14089775085449,0.661917695999148,-0.524511456489563,-2.5,-2.0262787342071533
50.244786977767944,0.7076886463165293,-0.454643577337265,-2.5,-2.0173141956329346
50.349905014038086,0.7539432048797616,-0.3939332067966461,-2.5,-2.01073956489563
50.458385944366455,0.801576309204103,-0.35294368863105774,-2.5,-2.006622314453125
50.56703996658325,0.8494782829284659,-0.2781473994255066,-2.5,-1.9988571405410767
50.675543785095215,0.897222166061403,-0.23706777393817902,-2.5,-1.9948121309280396
50.78340291976929,0.9446823883056652,-0.15624448657035828,-2.5,-1.9860403537750244
50.89162302017212,0.9922313594818108,-0.10236600041389465,-2.5,-1.9818534851074219
50.993133783340454,1.0369635486602773,-0.05503377318382263,-2.5,-1.9786018133163452
51.09956192970276,1.083726787567139,0.008473219349980354,-2.5,-1.975420594215393
51.20203495025635,1.128831491470339,0.02121594175696373,-2.5,-1.9769090414047241
51.307557821273804,1.175256414413452,0.10442756861448288,-2.5,-1.9727498292922974
51.41730093955994,1.2235903835296655,0.17642301321029663,-2.5,-1.9692264795303345
51.52099370956421,1.2691322231292714,0.23022295534610748,-2.5,-1.9684333801269531
51.63458585739136,1.319161024093627,0.2909609377384186,-2.5,-1.9679970741271973
51.74071288108826,1.3658419132232673,0.3491593599319458,-2.5,-1.9713172912597656
51.849079847335815,1.4135749912261986,0.395160973072052,-2.5,-1.9723267555236816
51.9572479724884,1.4611670780181898,0.45560726523399353,-2.5,-1.9730168581008911
52.062604904174805,1.5074516391754171,0.5241442322731018,-2.5,-1.975950002670288
52.16893291473389,1.5542635536193865,0.5834325551986694,-2.5,-1.9807106256484985
52.27450084686279,1.6007609653472912,0.6435595750808716,-2.5,-1.98460054397583
52.37987208366394,1.6470419597625732,0.6862244606018066,-2.5,-1.9894548654556274
52.485859870910645,1.6936947345733646,0.6862244606018066,-2.5,-1.9894548654556274
52.59084987640381,1.7399101638793937,0.8187764286994934,-2.5,-2.004246711730957
52.70022392272949,1.7880184841156002,0.8867048621177673,-2.5,-2.0113630294799805
52.80397701263428,1.8336864185333255,0.8917992115020752,-2.5,-2.0122363567352295
52.91095781326294,1.8807365703582777,0.8917992115020752,-2.5,-2.0122363567352295
53.01529502868652,1.9266755771636959,0.8917992115020752,-2.5,-2.0122363567352295
53.122578859329224,1.973900814056396,0.8917992115020752,-2.5,-2.0122363567352295
53.22777771949768,2.02020604133606,0.8917992115020752,-2.5,-2.0122363567352295
53.33434987068176,2.0670655822753927,0.8917992115020752,-2.5,-2.0122363567352295
53.439666986465454,2.113374691009523,0.8917992115020752,-2.5,-2.0122363567352295
53.54159116744995,2.1582797622680685,0.8917992115020752,-2.5,-2.0122363567352295
53.64799785614014,2.2051045799255364,0.8917992115020752,-2.5,-2.0122363567352295
53.75332593917847,2.2513733005523706,0.8917992115020752,-2.5,-2.0122363567352295
53.8582558631897,2.2976120185852054,0.8917992115020752,-2.5,-2.0122363567352295
53.967777729034424,2.3457443618774407,0.8917992115020752,-2.5,-2.0122363567352295
54.07467699050903,2.3927852821350095,0.8917992115020752,-2.5,-2.0122363567352295
54.17791485786438,2.4382574653625513,1.804906964302063,-2.5,-2.1109211444854736
54.2830810546875,2.4845383548736564,1.8806757926940918,-2.5,-2.117702007293701
54.39133381843567,2.532172403335574,1.923793911933899,-2.5,-2.119189500808716
54.49992609024048,2.579872436523438,2.0116443634033203,-2.5,-2.1240270137786865
54.603240966796875,2.62533182144165,2.0145914554595947,-2.5,-2.124027729034424
54.708385705947876,2.6716190052032474,2.0145914554595947,-2.5,-2.124027729034424
54.80960178375244,2.7162090492248536,2.0145914554595947,-2.5,-2.124027729034424
54.916730880737305,2.7632863712310787,2.0145914554595947,-2.5,-2.124027729034424
55.0258367061615,2.8113069915771476,2.0145914554595947,-2.5,-2.124027729034424
55.1323139667511,2.858154783248904,2.0145914554595947,-2.5,-2.124027729034424
55.233656883239746,2.9027417850494386,2.0145914554595947,-2.5,-2.124027729034424
55.337225914001465,2.9483577919006345,2.3207778930664062,-2.5,-2.351850748062134
55.44239592552185,2.9946282958984396,2.387324571609497,-2.5,-2.411078691482544
55.55045676231384,3.042122297286989,2.4479455947875977,-2.5,-2.4608395099639893
55.65196084976196,3.0867985725402836,2.485647439956665,-2.5,-2.4849586486816406
55.75326180458069,3.1313217926025407,2.513646364212036,-2.5,-2.5032670497894287
55.85835289955139,3.177597436904909,2.53523325920105,-2.5,-2.516491413116455
55.95914387702942,3.2219960308074977,2.53523325920105,-2.5,-2.516491413116455
56.06579089164734,3.268864488601685,2.53523325920105,-2.5,-2.516491413116455
56.1667218208313,3.313295602798463,2.53523325920105,-2.5,-2.516491413116455
56.27445411682129,3.3607376766204835,2.53523325920105,-2.5,-2.516491413116455
56.381242990493774,3.407735481262206,2.53523325920105,-2.5,-2.516491413116455
56.48660206794739,3.45399832725525,2.53523325920105,-2.5,-2.516491413116455
56.592304944992065,3.5005939292907726,2.53523325920105,-2.5,-2.516491413116455
56.69842791557312,3.5472946453094494,2.9670681953430176,-2.5,-2.4793930053710938
56.80370903015137,3.5935566520690942,2.9670681953430176,-2.5,-2.4793930053710938
56.90935492515564,3.6400887870788567,2.9670681953430176,-2.5,-2.4793930053710938
57.017836809158325,3.6877663707733177,2.9670681953430176,-2.5,-2.4793930053710938
57.125754833221436,3.7353128242492692,2.9670681953430176,-2.5,-2.4793930053710938
57.232852935791016,3.7824394512176527,2.9670681953430176,-2.5,-2.4793930053710938
57.338178873062134,3.8287032413482684,2.9670681953430176,-2.5,-2.4793930053710938
57.44912600517273,3.877530469894408,2.9670681953430176,-2.5,-2.4793930053710938
57.55750584602356,3.92522253036499,3.460855007171631,-2.5,-2.4231717586517334
57.65863513946533,3.9697844600677517,3.524120569229126,-2.5,-2.4209401607513428
57.76474404335022,4.01647541999817,3.568800687789917,-2.5,-2.4164371490478516
57.870049715042114,4.062733964920046,3.6363914012908936,-2.5,-2.403068780899048
57.97555208206177,4.109164972305298,3.6798996925354004,-2.5,-2.405031204223633
58.07890200614929,4.1546939086914065,3.7052500247955322,-2.5,-2.4161765575408936
58.1839919090271,4.2009436416626,3.757469415664673,-2.5,-2.4344775676727295
58.29323077201843,4.248936147689819,3.757469415664673,-2.5,-2.4344775676727295
58.401216983795166,4.2964738941192655,3.757469415664673,-2.5,-2.4344775676727295
58.50805687904358,4.343481664657594,3.757469415664673,-2.5,-2.4344775676727295
58.611228942871094,4.388864574432376,3.757469415664673,-2.5,-2.4344775676727295
58.71606683731079,4.435048742294312,3.757469415664673,-2.5,-2.4344775676727295
58.82350397109985,4.48226254463196,3.757469415664673,-2.5,-2.4344775676727295
58.92908811569214,4.528713378906253,3.757469415664673,-2.5,-2.4344775676727295
59.04232597351074,4.5785631084442135,3.757469415664673,-2.5,-2.4344775676727295
59.149932861328125,4.625949792861941,3.757469415664673,-2.5,-2.4344775676727295
59.25524687767029,4.672223653793334,3.757469415664673,-2.5,-2.4344775676727295
59.35822081565857,4.717598695755005,3.757469415664673,-2.5,-2.4344775676727295
59.46517992019653,4.7646074104309095,3.757469415664673,-2.5,-2.4344775676727295
59.566563844680786,4.8092652225494374,3.757469415664673,-2.5,-2.4344775676727295
59.671878814697266,4.855543594360353,3.757469415664673,-2.5,-2.4344775676727295
59.77493095397949,-0.7984,4.657217502593994,3.644,-2.639842987060547
59.88464093208313,4.9492195606231695,4.657217502593994,-2.5,-2.639842987060547
59.99091696739197,4.995908842086794,4.657217502593994,-2.5,-2.639842987060547
60.09252572059631,5.0,4.657217502593994,-2.4722551584243764,-2.639842987060547
60.19788384437561,5.0,4.657217502593994,-2.440703511238098,-2.639842987060547
60.308995962142944,5.0,4.895417213439941,-2.407313871383666,-2.7548646926879883
60.41711115837097,5.0,4.895417213439941,-2.374918580055237,-2.7548646926879883
60.520142793655396,5.0,4.895417213439941,-2.3440093040466303,-2.7548646926879883
60.6238329410553,5.0,4.895417213439941,-2.312863349914551,-2.7548646926879883
60.733739137649536,5.0,4.895417213439941,-2.27993505001068,-2.7548646926879883
60.836095094680786,5.0,4.895417213439941,-2.2492117404937755,-2.7548646926879883
60.942309856414795,5.0,5.035911560058594,-2.217321419715881,-2.739192008972168
61.048497915267944,5.0,5.041323661804199,-2.1854602098464966,-2.72933292388916
61.153838872909546,5.0,5.04155158996582,-2.1539179325103754,-2.7340049743652344
61.262842893600464,5.0,5.04155158996582,-2.121186757087707,-2.7340049743652344
61.37595081329346,5.0,5.04155158996582,-2.087271118164062,-2.7340049743652344
61.48172402381897,5.0,5.04155158996582,-2.0554954528808604,-2.7340049743652344
61.58703398704529,5.0,5.04155158996582,-2.023947095870972,-2.7340049743652344
61.69188475608826,5.0,5.04155158996582,-1.992476773262025,-2.7340049743652344
61.79270792007446,5.0,5.04155158996582,-1.9622427701950063,-2.7340049743652344
61.899550914764404,5.0,5.04155158996582,-1.9301790714263927,-2.7340049743652344
62.001526832580566,5.0,5.04155158996582,-1.8995935201644887,-2.7340049743652344
62.109395027160645,5.0,5.04155158996582,-1.8672370672225957,-2.7340049743652344
62.2105770111084,5.0,5.04155158996582,-1.8368614435195934,-2.7340049743652344
62.318936824798584,5.0,5.04155158996582,-1.804369020462035,-2.7340049743652344
62.42516303062439,5.0,5.04155158996582,-1.772462534904479,-2.7340049743652344
62.533976793289185,5.0,5.04155158996582,-1.7398258447647095,-2.7340049743652344
62.64274597167969,5.0,5.04155158996582,-1.707233500480653,-2.7340049743652344
62.74897003173828,5.0,5.04155158996582,-1.6753573417663574,-2.7340049743652344
62.85438084602356,5.0,5.04155158996582,-1.6437436103820806,-2.7340049743652344
62.96660780906677,5.0,5.04155158996582,-1.610063219070434,-2.7340049743652344
63.075401067733765,5.0,5.04155158996582,-1.5774136543273931,-2.7340049743652344
63.182169914245605,5.0,5.04155158996582,-1.5453981637954701,-2.7340049743652344
63.283308029174805,5.0,5.04155158996582,-1.5150484323501576,-2.7340049743652344
63.38762879371643,5.0,5.04155158996582,-1.4837722301483165,-2.7340049743652344
63.50229001045227,5.0,5.049264430999756,-1.4493690729141235,-2.7581753730773926
63.607879877090454,5.0,5.0325927734375,-1.4176815986633295,-2.760025978088379
63.709245920181274,5.0,5.025163173675537,-1.3872385263442988,-2.759598970413208
63.815470933914185,5.0,5.025163173675537,-1.3554061412811285,-2.759598970413208
63.91641092300415,5.0,5.025163173675537,-1.325121426582336,-2.759598970413208
64.02435898780823,5.0,5.025163173675537,-1.2927055358886719,-2.759598970413208
64.13117504119873,5.0,5.025163173675537,-1.2606553554534923,-2.759598970413208
64.2364809513092,5.0,4.948831081390381,-1.2291163682937611,-2.625173568725586
64.34214305877686,5.0,4.945014476776123,-1.1973952054977417,-2.611600399017334
64.44871878623962,5.0,4.945014476776123,-1.1654290676116954,-2.611600399017334
64.55977892875671,5.0,4.945014476776123,-1.1320792675018305,-2.611600399017334
64.66615891456604,5.0,4.945014476776123,-1.100202751159669,-2.611600399017334
64.77444195747375,5.0,4.945014476776123,-1.067681217193603,-2.611600399017334
64.88285708427429,5.0,4.945014476776123,-1.0351954460144048,-2.611600399017334
64.99156093597412,5.0,4.945014476776123,-1.0025464534759516,-2.611600399017334
65.1019389629364,5.0,4.945014476776123,-0.9694339036941528,-2.611600399017334
65.20815801620483,5.0,4.945014476776123,-0.9376153230667104,-2.611600399017334
65.3109450340271,5.0,4.945014476776123,-0.9067513227462758,-2.611600399017334
65.4164559841156,5.0,4.945014476776123,-0.8751121282577525,-2.611600399017334
65.52549695968628,5.0,4.945014476776123,-0.8434405326843262,-2.611600399017334
65.63170790672302,5.0,4.945014476776123,-0.8104990005493153,-2.611600399017334
65.73702692985535,5.0,4.945014476776123,-0.7789531469345103,-2.611600399017334
65.84925293922424,5.0,4.945014476776123,-0.7452787637710561,-2.611600399017334
65.95841598510742,5.0,4.945014476776123,-0.7125274896621709,-2.611600399017334
66.06227779388428,5.0,4.945014476776123,-0.6813756704330434,-2.611600399017334
66.1706759929657,5.0,4.945014476776123,-0.6488458395004262,-2.611600399017334
66.27536392211914,5.0,4.945014476776123,-0.6174358129501343,-2.611600399017334
66.37735772132874,5.0,4.945014476776123,-0.586806058883667,-2.611600399017334
66.48520994186401,5.0,4.945014476776123,-0.5544559001922602,-2.611600399017334
66.59131193161011,5.0,4.945014476776123,-0.5226166486740107,-2.611600399017334
66.6995599269867,5.0,4.945014476776123,-0.4901443243026744,-2.611600399017334
66.8075659275055,5.0,4.945014476776123,-0.45778458118438614,-2.611600399017334
66.91595983505249,5.0,4.945014476776123,-0.42527799606323136,-2.611600399017334
67.01994490623474,5.0,4.945014476776123,-0.3940747499465953,-2.611600399017334
67.12622809410095,5.0,4.945014476776123,-0.36218714714050293,-2.611600399017334
67.23312997817993,5.0,4.945014476776123,-0.3300949811935414,-2.611600399017334
67.34294509887695,5.0,4.4444732666015625,-0.2971285581588745,-0.4903617203235626
67.44984889030457,5.0,4.416491985321045,-0.2651089191436773,-0.3965838849544525
67.55781197547913,5.0,4.395572662353516,-0.23267085552215683,-0.32432758808135986
67.66602611541748,5.0,4.395572662353516,-0.20024051666259712,-0.32432758808135986
67.7689778804779,5.0,4.395572662353516,-0.16931772232055664,-0.32432758808135986
67.8744068145752,5.0,4.354342460632324,-0.1377318859100347,-0.2134343683719635
67.97760272026062,5.0,4.351909160614014,-0.10677647590637207,-0.2043175846338272
68.08407878875732,5.0,4.350632190704346,-0.0748138427734375,-0.16504651308059692
68.19250106811523,5.0,4.359804153442383,-0.0422976732254039,-0.15018106997013092
68.29426383972168,5.0,4.387256622314453,-0.011764049530029297,-0.15423288941383362
68.39962196350098,5.0,4.429687976837158,0.019837665557860262,-0.15970295667648315
68.508544921875,5.0,4.476036071777344,0.05253050327301079,-0.16287370026111603
68.6165246963501,5.0,4.519659519195557,0.08494403362274117,-0.1648724228143692
68.7256429195404,5.0,4.560955047607422,0.11763286590576172,-0.1645730882883072
68.83168888092041,5.0,4.600002288818359,0.14949407577514595,-0.15995296835899353
68.9369637966156,5.0,4.635012626647949,0.18103935718536324,-0.15730686485767365
69.04116797447205,5.0,4.669234275817871,0.21233537197112984,-0.1489788144826889
69.14938712120056,5.0,4.706169128417969,0.24476299285888725,-0.13286934792995453
69.2581079006195,5.0,4.743153095245361,0.2774174213409424,-0.10257020592689514
69.3657968044281,5.0,4.7728495597839355,0.30972974300384415,-0.06780879944562912
69.47115993499756,5.0,4.787408351898193,0.3412894725799571,-0.05103322118520737
69.58170795440674,5.0,4.836531639099121,0.3745009422302257,0.009652296081185341
69.68702006340027,5.0,4.864025115966797,0.4060471534728993,0.04142457991838455
69.79149174690247,5.0,4.897656440734863,0.43743078708648575,0.08092990517616272
69.89956593513489,5.0,4.9215569496154785,0.4698169946670543,0.11144787818193436
70.00418376922607,5.0,4.9215569496154785,0.5011994123458852,0.11144787818193436
70.11112713813782,5.0,4.967271327972412,0.533324265480041,0.18402275443077087
70.21647500991821,5.0,4.967271327972412,0.5648722648620605,0.18402275443077087
70.31805276870728,5.0,4.967271327972412,0.5953801393508922,0.18402275443077087
70.42118978500366,5.0,4.997361660003662,0.6262867689132685,0.2818293571472168
70.52480697631836,5.0,4.997361660003662,0.6574054718017583,0.2818293571472168
70.62768006324768,5.0,4.996442794799805,0.6882490873336797,0.3621716797351837
70.73344898223877,5.0,4.996442794799805,0.7199890613555908,0.3621716797351837
70.83563184738159,5.0,4.996442794799805,0.7506755352020269,0.3621716797351837
70.94284892082214,-2.9167999999999985,4.99271821975708,3.6280000000000006,0.48352497816085815
71.04488396644592,5.0,4.992856979370117,0.8134132623672485,0.5058168172836304
71.15054488182068,-3.8,4.992615699768066,3.5,0.5855503082275391
71.25517296791077,-3.832,4.992915630340576,2.7479999999999998,0.6334611177444458
71.35812997817993,-3.896,4.992535591125488,1.2439999999999998,0.6703941822052002
71.46882009506226,-3.944,4.991258144378662,-0.48400000000000043,0.7580800652503967
71.57722592353821,-3.9279999999999995,4.989074230194092,-1.9080000000000004,0.8429630398750305
71.6832447052002,-3.8,4.989074230194092,-2.5,0.8429630398750305
71.79328489303589,-2.7567999999999997,4.985252857208252,-2.532,1.0209436416625977
71.89419984817505,-0.5583999999999998,4.985252857208252,-2.596,1.0209436416625977
71.9997329711914,1.998400000000001,4.985252857208252,-2.644,1.0209436416625977
72.10856080055237,4.1168,4.985252857208252,-2.628,1.0209436416625977
72.2166109085083,5.0,4.985252857208252,-2.5,1.0209436416625977
72.321044921875,5.0,4.976840972900391,-1.7479999999999998,1.3634604215621948
72.42634892463684,5.0,4.979180812835693,-0.24399999999999977,1.3813828229904175
72.53306984901428,5.0,4.986734867095947,1.4840000000000004,1.4305830001831055
72.6351969242096,5.0,4.986275672912598,2.9080000000000013,1.4559792280197144
72.73620796203613,5.0,4.9847941398620605,3.5,1.4544148445129395
72.84129214286804,3.9568,4.978357315063477,3.532,1.4414235353469849
72.94399189949036,1.7583999999999995,4.977865695953369,3.596,1.4407470226287842
73.04939198493958,-0.7984,4.962182521820068,3.644,1.4555552005767822
73.15827989578247,-2.9167999999999985,4.8986687660217285,3.6280000000000006,1.5401637554168701
73.2609920501709,-3.8,4.859005451202393,3.5,1.5972219705581665
73.36630582809448,-3.832,4.824714183807373,2.7479999999999998,1.6456108093261719
73.47586107254028,-3.896,4.7671685218811035,1.2439999999999998,1.7243423461914062
73.58291482925415,5.0,4.71640682220459,1.5748604297637945,1.7876031398773193
73.69140100479126,5.0,4.674001693725586,1.6074100732803345,1.8431748151779175
73.80015802383423,5.0,4.635695934295654,1.6399948358535772,1.8864890336990356
73.90467596054077,5.0,4.602695465087891,1.6713602304458623,1.913172721862793
74.0120599269867,5.0,4.577096939086914,1.703570556640626,1.9323043823242188
74.11720895767212,5.0,4.577096939086914,1.735149240493775,1.9323043823242188
74.22484493255615,5.0,4.564126014709473,1.7673892498016368,1.9632890224456787
74.32683300971985,5.0,4.563852787017822,1.7979973316192632,1.9739129543304443
74.43410897254944,5.0,4.565680980682373,1.8301822662353526,1.989655613899231
74.54111790657043,5.0,4.571382999420166,1.8623215675354015,1.9988548755645752
74.64654278755188,5.0,4.579123020172119,1.8938704967498774,2.004467725753784
74.7572591304779,5.0,4.590445041656494,1.9271656513214106,2.0074188709259033
74.86265778541565,5.0,4.607248783111572,1.9587151527404796,1.9994226694107056
74.97009587287903,5.0,4.630112648010254,1.9909894227981573,1.9835466146469116
75.07564282417297,5.0,4.642548561096191,2.022660732269287,1.9744535684585571
75.1764600276947,5.0,4.674772262573242,2.0528965234756464,1.9543848037719727
75.27784705162048,5.0,4.6951212882995605,2.0833162784576427,1.9404813051223755
75.38263297080994,5.0,4.7213358879089355,2.114776372909546,1.9270830154418945
75.4877598285675,5.0,4.7447075843811035,2.1463183641433705,1.921250820159912
75.59513187408447,5.0,4.77156400680542,2.178483772277831,1.922727108001709
75.700110912323,5.0,4.798893928527832,2.209994864463807,1.9314663410186768
75.8038227558136,5.0,4.806937217712402,2.2411018371582037,1.9345347881317139
75.90824508666992,5.0,4.83786153793335,2.2724225282669073,1.9577943086624146
76.01480102539062,5.0,4.844296932220459,2.3044267892837524,1.9672719240188599
76.12008285522461,5.0,4.863847255706787,2.3359705686569203,1.9970258474349976
76.22509789466858,5.0,4.871375560760498,2.3674831628799433,2.0070204734802246
76.33318090438843,5.0,4.871375560760498,2.399916791915893,2.0070204734802246
76.4404149055481,5.0,4.90936803817749,2.4321118831634516,2.0672130584716797
76.54566502571106,5.0,4.920958042144775,2.463647866249084,2.089449644088745
76.65437173843384,5.0,4.929570198059082,2.4962533712387085,2.11812424659729
76.75835299491882,5.0,4.941849708557129,2.5274707794189464,2.152510643005371
76.86541175842285,5.0,4.955539703369141,2.559610080718995,2.1901025772094727
76.9707419872284,5.0,4.966479778289795,2.591158938407899,2.222578287124634
77.07474899291992,5.0,4.979737281799316,2.62241268157959,2.258934736251831
77.18285703659058,5.0,4.99391508102417,2.6548054695129384,2.2959814071655273
77.29154586791992,5.0,5.003487586975098,2.68742835521698,2.3218376636505127
77.39988780021667,5.0,5.018609523773193,2.719919276237489,2.356372117996216
77.50450110435486,5.0,5.025700569152832,2.751337385177613,2.374633550643921
77.61009693145752,5.0,5.036418914794922,2.7829732179641713,2.4170379638671875
77.71666693687439,5.0,5.037713050842285,2.81496467590332,2.4229376316070557
77.81766200065613,5.0,5.037713050842285,2.8452536106109614,2.4229376316070557
77.92493891716003,5.0,5.037713050842285,2.877441477775575,2.4229376316070557
78.03293895721436,5.0,5.037256240844727,2.9098660230636586,2.5373337268829346
78.14096188545227,5.0,5.037256240844727,2.9422334194183355,2.5373337268829346
78.24151611328125,5.0,5.037256240844727,2.972412490844726,2.5373337268829346
78.35202097892761,5.0,5.025089740753174,3.005563950538636,2.6760714054107666
78.4564139842987,5.0,5.022966384887695,3.036913967132569,2.7007782459259033
78.56153702735901,5.0,5.022966384887695,3.0684487342834483,2.7007782459259033
78.66666078567505,-3.944,5.017520427703857,-0.48400000000000043,2.8070335388183594
78.7738618850708,-3.9279999999999995,5.01616096496582,-1.9080000000000004,2.8489246368408203
78.87738704681396,-3.8,5.014566421508789,-2.5,2.9153947830200195
78.98439502716064,-2.7567999999999997,5.014901638031006,-2.532,2.9851443767547607
79.09176301956177,-0.5583999999999998,5.015963554382324,-2.596,3.0517098903656006
79.2019829750061,1.998400000000001,5.0164618492126465,-2.644,3.1320371627807617
79.30777788162231,4.1168,5.0164618492126465,-2.628,3.1320371627807617
79.41172575950623,5.0,5.0164618492126465,-2.5,3.1320371627807617
79.51755404472351,5.0,5.019176959991455,-1.7479999999999998,3.3696560859680176
79.62406086921692,5.0,5.014746189117432,-0.24399999999999977,3.414384126663208
79.73291873931885,5.0,5.018744468688965,1.4840000000000004,3.4360995292663574
79.84246301651001,5.0,5.01435661315918,2.9080000000000013,3.447805166244507
79.94943189620972,5.0,5.017038345336914,3.5,3.4501705169677734
80.05445694923401,3.9568,5.012993812561035,3.532,3.45171856880188
80.15659403800964,1.7583999999999995,5.016786098480225,3.596,3.4566988945007324
80.26189398765564,-0.7984,5.022655487060547,3.644,3.4586167335510254
80.36567997932434,-2.9167999999999985,5.023416042327881,3.6280000000000006,3.4772989749908447
80.47102189064026,-3.8,5.017093658447266,3.5,3.5153279304504395
80.57831692695618,-3.832,5.000637054443359,2.7479999999999998,3.5959129333496094
80.68353986740112,4.699270992279049,4.987831115722656,3.5,3.6718063354492188
80.79104495048523,4.651956481933597,4.976053714752197,3.5,3.7430107593536377
80.90025877952576,4.60395862579346,4.971506118774414,3.5,3.7666263580322266
81.00341987609863,4.558514661788943,4.971506118774414,3.5,3.7666263580322266
81.10852575302124,4.512260942459103,4.971506118774414,3.5,3.7666263580322266
81.21142792701721,4.467058782577512,4.971506118774414,3.5,3.7666263580322266
81.31624794006348,4.420908918380736,4.9696431159973145,3.5,3.9310617446899414
81.42456293106079,4.3732055282592786,4.959994316101074,3.5,3.95033597946167
81.53287601470947,4.32562078475952,4.947233200073242,3.5,3.958575487136841
81.63576889038086,4.280281095504757,4.929978847503662,3.5,3.951050281524658
81.74132990837097,4.233899707794192,4.89262580871582,3.5,3.9239273071289062
81.85057377815247,4.185826740264894,4.843339920043945,3.5,3.889291524887085
81.95433712005615,4.1401569175720185,4.792642116546631,3.5,3.851858139038086
82.06322884559631,4.0922567272186265,4.732941150665283,3.5,3.813227653503418
82.1756739616394,4.042732095718383,4.691787242889404,3.5,3.7859911918640137
82.28357291221619,3.9953062820434537,4.611920356750488,3.5,3.7330055236816406
82.39219689369202,3.9474509906768827,4.555448532104492,3.5,3.693864583969116
82.49951386451721,3.900290060043335,4.555448532104492,3.5,3.693864583969116
82.60155296325684,3.8553321170806854,4.488478660583496,3.5,3.6525189876556396
82.70865392684937,3.808217763900757,4.406202793121338,3.5,3.6046319007873535
82.8165807723999,3.760787124633792,4.361611843109131,3.5,3.5788402557373047
82.92561483383179,3.712797136306766,4.31437349319458,3.5,3.5541205406188965
83.0280818939209,3.6677974414825467,4.2814249992370605,3.5,3.542421340942383
83.13189482688904,3.621984319686886,4.2814249992370605,3.5,3.542421340942383
83.2372407913208,3.5757130813598663,4.2814249992370605,3.5,3.542421340942383
83.34353280067444,3.528926448822018,4.2814249992370605,3.5,3.542421340942383
83.44978094100952,3.4822010803222625,4.091144561767578,3.5,3.4907827377319336
83.55728387832642,3.4348597145080584,4.028987407684326,3.5,3.476088523864746
83.66227698326111,3.38866725921631,3.9968178272247314,3.5,3.470623254776001
83.76847791671753,3.341933603286746,3.923088312149048,3.5,3.4611403942108154
83.87275075912476,3.2960115909576415,3.906670331954956,3.5,3.45925235748291
83.97787284851074,3.2497465419769256,3.906670331954956,3.5,3.45925235748291
84.08297300338745,3.2035068798065156,3.906670331954956,3.5,3.45925235748291
84.18579983711243,3.158365459442142,3.906670331954956,3.5,3.45925235748291
84.29206395149231,3.1115090656280486,3.906670331954956,3.5,3.45925235748291
84.39913082122803,3.064457235336305,3.906670331954956,3.5,3.45925235748291
84.50196480751038,3.019191398620604,3.906670331954956,3.5,3.45925235748291
84.60398077964783,2.9743195819854704,3.906670331954956,3.5,3.45925235748291
84.70969605445862,2.9277601718902586,3.906670331954956,3.5,3.45925235748291
84.8162009716034,2.8809463691711454,3.906670331954956,3.5,3.45925235748291
84.92029595375061,2.8351411151885952,3.906670331954956,3.5,3.45925235748291
85.02527785301208,2.7889464569091826,3.906670331954956,3.5,3.45925235748291
85.13104391098022,2.7423552608490005,3.906670331954956,3.5,3.45925235748291
85.23633193969727,2.6960927295684782,3.906670331954956,3.5,3.45925235748291
85.34226894378662,2.6494478225708007,2.9438681602478027,3.5,3.3947529792785645
85.44956970214844,-3.896,2.8690907955169678,1.2439999999999998,3.3876242637634277
85.5551130771637,-3.944,2.816092014312744,-0.48400000000000043,3.3816535472869873
85.66721391677856,-3.9279999999999995,2.7436740398406982,-1.9080000000000004,3.383329153060913
85.77521896362305,-3.8,2.666644334793091,-2.5,3.3827788829803467
85.8805079460144,-2.7567999999999997,2.5930001735687256,-2.532,3.3819758892059326
85.98523283004761,-0.5583999999999998,2.5123820304870605,-2.596,3.380918264389038
86.09223890304565,1.998400000000001,2.4323959350585938,-2.644,3.3787474632263184
86.1988570690155,4.1168,2.3498101234436035,-2.628,3.3762590885162354
86.30090284347534,5.0,2.2752153873443604,-2.5,3.3723161220550537
86.40503191947937,5.0,2.201145648956299,-1.7479999999999998,3.36897349357605
86.51310396194458,5.0,2.120300054550171,-0.24399999999999977,3.3656058311462402
86.62496995925903,5.0,2.0348031520843506,1.4840000000000004,3.3609721660614014
86.73245286941528,5.0,1.9633398056030273,2.9080000000000013,3.3574252128601074
86.83426594734192,5.0,1.9136300086975098,3.5,3.356881856918335
86.94037890434265,3.9568,1.874445915222168,3.532,3.365849494934082
87.04560899734497,1.7583999999999995,1.8397717475891113,3.596,3.373830556869507
87.15020990371704,-0.7984,1.8152989149093628,3.644,3.377017021179199
87.258229970932,-2.9167999999999985,1.8186765909194946,3.6280000000000006,3.3725767135620117
87.36817479133606,-3.8,1.8166335821151733,3.5,3.365227460861206
87.47482299804688,-3.832,1.7979854345321655,2.7479999999999998,3.3374950885772705
87.5759208202362,-3.896,1.7479331493377686,1.2439999999999998,3.263300895690918
87.67777991294861,1.621798868179324,1.7058780193328857,3.5,3.2063446044921875
87.78355574607849,1.5753119468688963,1.6652368307113647,3.5,3.1513569355010986
87.89220881462097,1.527496204376222,1.6314668655395508,3.5,3.0904273986816406
87.9933078289032,1.4829634380340604,1.6173042058944702,3.5,3.051326036453247
88.09841799736023,1.436708354949951,1.6040666103363037,3.5,3.0190834999084473
88.2038631439209,1.3903851890563947,1.5923218727111816,3.5,2.993210554122925
88.30811595916748,1.3444764995574934,1.5748558044433594,3.5,2.972979784011841
88.41283988952637,1.2984247207641597,1.5647084712982178,3.5,2.9537160396575928
88.52295184135437,1.249911680221556,1.5457031726837158,3.5,2.9356117248535156
88.62824392318726,1.2036536598205547,1.534087896347046,3.5,2.9398434162139893
88.73319101333618,1.157417459487918,1.524410605430603,3.5,2.971128463745117
88.84339880943298,1.1089162731170634,1.509531855583191,3.5,3.015044927597046
88.95034694671631,1.0619278049469005,1.491748571395874,3.5,3.061683177947998
89.0543429851532,1.0161736392974836,1.4734811782836914,3.5,3.1063899993896484
89.16762804985046,0.966270093917843,1.4506986141204834,3.5,3.15800404548645
89.27362298965454,0.9196173191070551,1.432742953300476,3.5,3.2017853260040283
89.37891983985901,0.8733583545684827,1.416055679321289,3.5,3.2392523288726807
89.48160600662231,0.828110036849977,1.4144508838653564,3.5,3.2419304847717285
89.58691000938416,0.7818436241149911,1.3709626197814941,3.5,3.302615165710449
89.68944478034973,0.736715526580813,1.340011715888977,3.5,3.3259801864624023
89.79177594184875,0.6916326427459696,1.2941087484359741,3.5,3.341646671295166
89.90240478515625,0.6429656028747557,1.2417658567428589,3.5,3.355318069458008
90.00815176963806,0.5964928436279262,1.182377815246582,3.5,3.3719396591186523
90.1098849773407,0.5516695976257324,1.1244550943374634,3.5,3.388542652130127
90.21623206138611,0.5049406623840342,1.061523199081421,3.5,3.406831741333008
90.32324409484863,0.4577885437011684,0.9974538087844849,3.5,3.426724433898926
90.42835474014282,0.4115375518798823,0.9396753907203674,3.5,3.4434542655944824
90.53364992141724,0.36527544021606584,0.8783062100410461,3.5,3.462763547897339
90.63642501831055,0.3200531387329084,0.8233085870742798,3.5,3.4793787002563477
90.74190592765808,0.2735908699035674,0.7643142342567444,3.5,3.496166467666626
90.84851098060608,0.22667016983032173,0.7075156569480896,3.5,3.5135715007781982
90.95381093025208,0.1804067993164047,0.6572293639183044,3.5,3.5254392623901367
91.0585548877716,0.13425210952758615,0.6199586987495422,3.5,3.5329954624176025
91.16385388374329,0.08798695564270176,0.6199586987495422,3.5,3.5329954624176025
91.26734495162964,0.0424430179595916,0.6199586987495422,3.5,3.5329954624176025
91.36845397949219,-0.0020559692382802197,0.6199586987495422,3.5,3.5329954624176025
STOPPING
